item_id,title,object_type,space,price,area_price,address,metro,time_to_metro,published_raw,published_date,source_page_number,collected_at,url
7968127457,"1-к. квартира, 25 м², 1/12 эт.",,,5 432 092 ₽,,,,,,,1,2026-05-05T17:16:18,https://www.avito.ru/sankt-peterburg/kvartiry/1-k._kvartira_25_m_112_et._7968127457?context=H4sIAAAAAAAA_wE_AMD_YToyOntzOjEzOiJsb2NhbFByaW9yaXR5IjtiOjA7czoxOiJ4IjtzOjE2OiJyd2N4YWcyRzhPWTVkZU5PIjt9_3hiIT8AAAA
8133157961,"1-к. квартира, 30,8 м², 2/5 эт.",,,6 350 000 ₽,,,,,,,2,2026-05-05T17:18:42,https://www.avito.ru/sankt-peterburg/kvartiry/1-k._kvartira_308_m_25_et._8133157961?context=H4sIAAAAAAAA_wE_AMD_YToyOntzOjEzOiJsb2NhbFByaW9yaXR5IjtiOjA7czoxOiJ4IjtzOjE2OiJmWmNKVUNHVEhiVFRRS2QxIjt9_gmwIz8AAAA
8027314268,"1-к. квартира, 30,9 м², 3/12 эт.",,,6 500 000 ₽,,,,,,,2,2026-05-05T17:18:42,https://www.avito.ru/sankt-peterburg/kvartiry/1-k._kvartira_309_m_312_et._8027314268?context=H4sIAAAAAAAA_wE_AMD_YToyOntzOjEzOiJsb2NhbFByaW9yaXR5IjtiOjA7czoxOiJ4IjtzOjE2OiJmWmNKVUNHVEhiVFRRS2QxIjt9_gmwIz8AAAA
8053877286,"1-к. квартира, 31,3 м², 12/12 эт.",,,6 399 000 ₽,,,,,,,2,2026-05-05T17:18:42,https://www.avito.ru/sankt-peterburg/kvartiry/1-k._kvartira_313_m_1212_et._8053877286?context=H4sIAAAAAAAA_wE_AMD_YToyOntzOjEzOiJsb2NhbFByaW9yaXR5IjtiOjA7czoxOiJ4IjtzOjE2OiJmWmNKVUNHVEhiVFRRS2QxIjt9_gmwIz8AAAA
7662362617,"1-к. квартира, 31,9 м², 2/22 эт.",,,6 640 623 ₽,,,,,,,1,2026-05-05T17:16:18,https://www.avito.ru/sankt-peterburg/kvartiry/1-k._kvartira_319_m_222_et._7662362617?context=H4sIAAAAAAAA_wE_AMD_YToyOntzOjEzOiJsb2NhbFByaW9yaXR5IjtiOjA7czoxOiJ4IjtzOjE2OiJyd2N4YWcyRzhPWTVkZU5PIjt9_3hiIT8AAAA
8020963173,"1-к. квартира, 32,2 м², 7/9 эт.",,,7 800 000 ₽,,,,,,,2,2026-05-05T17:18:42,https://www.avito.ru/sankt-peterburg/kvartiry/1-k._kvartira_322_m_79_et._8020963173?context=H4sIAAAAAAAA_wE_AMD_YToyOntzOjEzOiJsb2NhbFByaW9yaXR5IjtiOjA7czoxOiJ4IjtzOjE2OiJmWmNKVUNHVEhiVFRRS2QxIjt9_gmwIz8AAAA
7470252046,"1-к. квартира, 32,5 м², 20/21 эт.",,,7 531 875 ₽,,,,,,,2,2026-05-05T17:18:42,https://www.avito.ru/sankt-peterburg/kvartiry/1-k._kvartira_325_m_2021_et._7470252046?context=H4sIAAAAAAAA_wE_AMD_YToyOntzOjEzOiJsb2NhbFByaW9yaXR5IjtiOjA7czoxOiJ4IjtzOjE2OiJmWmNKVUNHVEhiVFRRS2QxIjt9_gmwIz8AAAA
7470875212,"1-к. квартира, 32,8 м², 6/22 эт.",,,6 166 728 ₽,,,,,,,1,2026-05-05T17:16:18,https://www.avito.ru/sankt-peterburg/kvartiry/1-k._kvartira_328_m_622_et._7470875212?context=H4sIAAAAAAAA_wE_AMD_YToyOntzOjEzOiJsb2NhbFByaW9yaXR5IjtiOjA7czoxOiJ4IjtzOjE2OiJyd2N4YWcyRzhPWTVkZU5PIjt9_3hiIT8AAAA
8133500834,"1-к. квартира, 32 м², 7/26 эт.",,,5 600 000 ₽,,,,,,,2,2026-05-05T17:18:42,https://www.avito.ru/sankt-peterburg/kvartiry/1-k._kvartira_32_m_726_et._8133500834?context=H4sIAAAAAAAA_wE_AMD_YToyOntzOjEzOiJsb2NhbFByaW9yaXR5IjtiOjA7czoxOiJ4IjtzOjE2OiJmWmNKVUNHVEhiVFRRS2QxIjt9_gmwIz8AAAA
8017907489,"1-к. квартира, 33,1 м², 2/9 эт.",,,6 800 000 ₽,,,,,,,2,2026-05-05T17:18:42,https://www.avito.ru/sankt-peterburg/kvartiry/1-k._kvartira_331_m_29_et._8017907489?context=H4sIAAAAAAAA_wE_AMD_YToyOntzOjEzOiJsb2NhbFByaW9yaXR5IjtiOjA7czoxOiJ4IjtzOjE2OiJmWmNKVUNHVEhiVFRRS2QxIjt9_gmwIz8AAAA
7572703918,"1-к. квартира, 33,2 м², 4/12 эт.",,,9 500 044 ₽,,,,,,,1,2026-05-05T17:16:18,https://www.avito.ru/sankt-peterburg/kvartiry/1-k._kvartira_332_m_412_et._7572703918?context=H4sIAAAAAAAA_wE_AMD_YToyOntzOjEzOiJsb2NhbFByaW9yaXR5IjtiOjA7czoxOiJ4IjtzOjE2OiJyd2N4YWcyRzhPWTVkZU5PIjt9_3hiIT8AAAA
7696785530,"1-к. квартира, 33,5 м², 10/12 эт.",,,6 284 938 ₽,,,,,,,2,2026-05-05T17:18:42,https://www.avito.ru/sankt-peterburg/kvartiry/1-k._kvartira_335_m_1012_et._7696785530?context=H4sIAAAAAAAA_wE_AMD_YToyOntzOjEzOiJsb2NhbFByaW9yaXR5IjtiOjA7czoxOiJ4IjtzOjE2OiJmWmNKVUNHVEhiVFRRS2QxIjt9_gmwIz8AAAA
7961661182,"1-к. квартира, 33,5 м², 4/23 эт.",,,7 200 000 ₽,,,,,,,1,2026-05-05T17:16:18,https://www.avito.ru/sankt-peterburg/kvartiry/1-k._kvartira_335_m_423_et._7961661182?context=H4sIAAAAAAAA_wE_AMD_YToyOntzOjEzOiJsb2NhbFByaW9yaXR5IjtiOjA7czoxOiJ4IjtzOjE2OiJyd2N4YWcyRzhPWTVkZU5PIjt9_3hiIT8AAAA
7800874097,"1-к. квартира, 33,7 м², 4/15 эт.",,,10 300 000 ₽,,,,,,,1,2026-05-05T17:16:18,https://www.avito.ru/sankt-peterburg/kvartiry/1-k._kvartira_337_m_415_et._7800874097?context=H4sIAAAAAAAA_wGIAHf_YTo0OntzOjEzOiJsb2NhbFByaW9yaXR5IjtiOjA7czozOiJzcmMiO3M6MTk6Iml0ZW1zQ2Fyb3VzZWxXaWRnZXQiO3M6MTE6IndpZGdldFRpdGxlIjtOO3M6MToieCI7czozMToiZ2M4cXBoYzhoMTU2cWRrN2V0cWljOXFmeWRjdHh0aCI7fTyyPvKIAAAA
7968436847,"1-к. квартира, 34,2 м², 13/17 эт.",,,4 207 033 ₽,,,,,,,1,2026-05-05T17:16:18,https://www.avito.ru/sankt-peterburg/kvartiry/1-k._kvartira_342_m_1317_et._7968436847?context=H4sIAAAAAAAA_wE_AMD_YToyOntzOjEzOiJsb2NhbFByaW9yaXR5IjtiOjA7czoxOiJ4IjtzOjE2OiJyd2N4YWcyRzhPWTVkZU5PIjt9_3hiIT8AAAA
7662672834,"1-к. квартира, 34,4 м², 17/25 эт.",,,8 947 440 ₽,,,,,,,1,2026-05-05T17:16:18,https://www.avito.ru/sankt-peterburg/kvartiry/1-k._kvartira_344_m_1725_et._7662672834?context=H4sIAAAAAAAA_wE_AMD_YToyOntzOjEzOiJsb2NhbFByaW9yaXR5IjtiOjA7czoxOiJ4IjtzOjE2OiJyd2N4YWcyRzhPWTVkZU5PIjt9_3hiIT8AAAA
7950690204,"1-к. квартира, 34,4 м², 25/25 эт.",,,9 071 280 ₽,,,,,,,2,2026-05-05T17:18:42,https://www.avito.ru/sankt-peterburg/kvartiry/1-k._kvartira_344_m_2525_et._7950690204?context=H4sIAAAAAAAA_wE_AMD_YToyOntzOjEzOiJsb2NhbFByaW9yaXR5IjtiOjA7czoxOiJ4IjtzOjE2OiJmWmNKVUNHVEhiVFRRS2QxIjt9_gmwIz8AAAA
7929304606,"1-к. квартира, 35,2 м², 8/13 эт.",,,6 500 000 ₽,,,,,,,2,2026-05-05T17:18:42,https://www.avito.ru/sankt-peterburg/kvartiry/1-k._kvartira_352_m_813_et._7929304606?context=H4sIAAAAAAAA_wE_AMD_YToyOntzOjEzOiJsb2NhbFByaW9yaXR5IjtiOjA7czoxOiJ4IjtzOjE2OiJmWmNKVUNHVEhiVFRRS2QxIjt9_gmwIz8AAAA
7980813965,"1-к. квартира, 35,6 м², 5/9 эт.",,,6 949 999 ₽,,,,,,,1,2026-05-05T17:16:18,https://www.avito.ru/sankt-peterburg/kvartiry/1-k._kvartira_356_m_59_et._7980813965?context=H4sIAAAAAAAA_wE_AMD_YToyOntzOjEzOiJsb2NhbFByaW9yaXR5IjtiOjA7czoxOiJ4IjtzOjE2OiJyd2N4YWcyRzhPWTVkZU5PIjt9_3hiIT8AAAA
7510372285,"1-к. квартира, 35,7 м², 2/20 эт.",,,11 687 316 ₽,,,,,,,2,2026-05-05T17:18:42,https://www.avito.ru/sankt-peterburg/kvartiry/1-k._kvartira_357_m_220_et._7510372285?context=H4sIAAAAAAAA_wE_AMD_YToyOntzOjEzOiJsb2NhbFByaW9yaXR5IjtiOjA7czoxOiJ4IjtzOjE2OiJmWmNKVUNHVEhiVFRRS2QxIjt9_gmwIz8AAAA
7534838310,"1-к. квартира, 36,8 м², 4/21 эт.",,,6 756 480 ₽,,,,,,,1,2026-05-05T17:16:18,https://www.avito.ru/sankt-peterburg/kvartiry/1-k._kvartira_368_m_421_et._7534838310?context=H4sIAAAAAAAA_wE_AMD_YToyOntzOjEzOiJsb2NhbFByaW9yaXR5IjtiOjA7czoxOiJ4IjtzOjE2OiJyd2N4YWcyRzhPWTVkZU5PIjt9_3hiIT8AAAA
8105325467,"1-к. квартира, 36,9 м², 12/22 эт.",,,6 266 200 ₽,,,,,,,1,2026-05-05T17:16:18,https://www.avito.ru/sankt-peterburg/kvartiry/1-k._kvartira_369_m_1222_et._8105325467?context=H4sIAAAAAAAA_wE_AMD_YToyOntzOjEzOiJsb2NhbFByaW9yaXR5IjtiOjA7czoxOiJ4IjtzOjE2OiJyd2N4YWcyRzhPWTVkZU5PIjt9_3hiIT8AAAA
8048616284,"1-к. квартира, 37,5 м², 9/14 эт.",,,8 250 000 ₽,,,,,,,2,2026-05-05T17:18:42,https://www.avito.ru/sankt-peterburg/kvartiry/1-k._kvartira_375_m_914_et._8048616284?context=H4sIAAAAAAAA_wE_AMD_YToyOntzOjEzOiJsb2NhbFByaW9yaXR5IjtiOjA7czoxOiJ4IjtzOjE2OiJmWmNKVUNHVEhiVFRRS2QxIjt9_gmwIz8AAAA
3479404389,"1-к. квартира, 38,8 м², 4/14 эт.",,,16 890 000 ₽,,,,,,,1,2026-05-05T17:16:18,https://www.avito.ru/sankt-peterburg/kvartiry/1-k._kvartira_388_m_414_et._3479404389?context=H4sIAAAAAAAA_wE_AMD_YToyOntzOjEzOiJsb2NhbFByaW9yaXR5IjtiOjA7czoxOiJ4IjtzOjE2OiJyd2N4YWcyRzhPWTVkZU5PIjt9_3hiIT8AAAA
7968490453,"1-к. квартира, 38 м², 10/12 эт.",,,5 327 621 ₽,,,,,,,2,2026-05-05T17:18:42,https://www.avito.ru/sankt-peterburg/kvartiry/1-k._kvartira_38_m_1012_et._7968490453?context=H4sIAAAAAAAA_wE_AMD_YToyOntzOjEzOiJsb2NhbFByaW9yaXR5IjtiOjA7czoxOiJ4IjtzOjE2OiJmWmNKVUNHVEhiVFRRS2QxIjt9_gmwIz8AAAA
7973626882,"1-к. квартира, 39,9 м², 2/12 эт.",,,6 400 000 ₽,,,,,,,1,2026-05-05T17:16:18,https://www.avito.ru/sankt-peterburg/kvartiry/1-k._kvartira_399_m_212_et._7973626882?context=H4sIAAAAAAAA_wGIAHf_YTo0OntzOjEzOiJsb2NhbFByaW9yaXR5IjtiOjA7czozOiJzcmMiO3M6MTk6Iml0ZW1zQ2Fyb3VzZWxXaWRnZXQiO3M6MTE6IndpZGdldFRpdGxlIjtOO3M6MToieCI7czozMToiZ2M4cXBoYzhoMTU2cWRrN2V0cWljOXFmeWRjdHh0aCI7fTyyPvKIAAAA
7696239044,"1-к. квартира, 40,3 м², 8/12 эт.",,,6 830 633 ₽,,,,,,,1,2026-05-05T17:16:18,https://www.avito.ru/sankt-peterburg/kvartiry/1-k._kvartira_403_m_812_et._7696239044?context=H4sIAAAAAAAA_wE_AMD_YToyOntzOjEzOiJsb2NhbFByaW9yaXR5IjtiOjA7czoxOiJ4IjtzOjE2OiJyd2N4YWcyRzhPWTVkZU5PIjt9_3hiIT8AAAA
7961514949,"1-к. квартира, 40,4 м², 5/10 эт.",,,7 200 000 ₽,,,,,,,2,2026-05-05T17:18:42,https://www.avito.ru/sankt-peterburg/kvartiry/1-k._kvartira_404_m_510_et._7961514949?context=H4sIAAAAAAAA_wE_AMD_YToyOntzOjEzOiJsb2NhbFByaW9yaXR5IjtiOjA7czoxOiJ4IjtzOjE2OiJmWmNKVUNHVEhiVFRRS2QxIjt9_gmwIz8AAAA
7930625969,"1-к. квартира, 40 м², 4/15 эт.",,,15 750 000 ₽,,,,,,,2,2026-05-05T17:18:42,https://www.avito.ru/sankt-peterburg/kvartiry/1-k._kvartira_40_m_415_et._7930625969?context=H4sIAAAAAAAA_wE_AMD_YToyOntzOjEzOiJsb2NhbFByaW9yaXR5IjtiOjA7czoxOiJ4IjtzOjE2OiJmWmNKVUNHVEhiVFRRS2QxIjt9_gmwIz8AAAA
8099339660,"1-к. квартира, 44 м², 2/6 эт.",,,5 200 000 ₽,,,,,,,2,2026-05-05T17:18:42,https://www.avito.ru/sankt-peterburg/kvartiry/1-k._kvartira_44_m_26_et._8099339660?context=H4sIAAAAAAAA_wE_AMD_YToyOntzOjEzOiJsb2NhbFByaW9yaXR5IjtiOjA7czoxOiJ4IjtzOjE2OiJmWmNKVUNHVEhiVFRRS2QxIjt9_gmwIz8AAAA
7610112256,"1-к. квартира, 46,9 м², 6/9 эт.",,,8 160 000 ₽,,,,,,,1,2026-05-05T17:16:18,https://www.avito.ru/sankt-peterburg/kvartiry/1-k._kvartira_469_m_69_et._7610112256?context=H4sIAAAAAAAA_wE_AMD_YToyOntzOjEzOiJsb2NhbFByaW9yaXR5IjtiOjA7czoxOiJ4IjtzOjE2OiJyd2N4YWcyRzhPWTVkZU5PIjt9_3hiIT8AAAA
7662931244,"1-к. квартира, 58,5 м², 4/4 эт.",,,15 168 465 ₽,,,,,,,1,2026-05-05T17:16:18,https://www.avito.ru/sankt-peterburg/kvartiry/1-k._kvartira_585_m_44_et._7662931244?context=H4sIAAAAAAAA_wE_AMD_YToyOntzOjEzOiJsb2NhbFByaW9yaXR5IjtiOjA7czoxOiJ4IjtzOjE2OiJyd2N4YWcyRzhPWTVkZU5PIjt9_3hiIT8AAAA
7952386463,"1-к. квартира, 61,5 м², 21/25 эт.",,,13 805 857 ₽,,,,,,,1,2026-05-05T17:16:18,https://www.avito.ru/sankt-peterburg/kvartiry/1-k._kvartira_615_m_2125_et._7952386463?context=H4sIAAAAAAAA_wE_AMD_YToyOntzOjEzOiJsb2NhbFByaW9yaXR5IjtiOjA7czoxOiJ4IjtzOjE2OiJyd2N4YWcyRzhPWTVkZU5PIjt9_3hiIT8AAAA
7406820372,"2-к. апартаменты, 110,8 м², 2/12 эт.",,,23 844 160 ₽,,,,,,,2,2026-05-05T17:18:42,https://www.avito.ru/sankt-peterburg/kvartiry/2-k._apartamenty_1108_m_212_et._7406820372?context=H4sIAAAAAAAA_wE_AMD_YToyOntzOjEzOiJsb2NhbFByaW9yaXR5IjtiOjA7czoxOiJ4IjtzOjE2OiJmWmNKVUNHVEhiVFRRS2QxIjt9_gmwIz8AAAA
7726178183,"2-к. квартира, 42,9 м², 23/25 эт.",,,9 285 705 ₽,,,,,,,2,2026-05-05T17:18:42,https://www.avito.ru/sankt-peterburg/kvartiry/2-k._kvartira_429_m_2325_et._7726178183?context=H4sIAAAAAAAA_wE_AMD_YToyOntzOjEzOiJsb2NhbFByaW9yaXR5IjtiOjA7czoxOiJ4IjtzOjE2OiJmWmNKVUNHVEhiVFRRS2QxIjt9_gmwIz8AAAA
7996035981,"2-к. квартира, 43,3 м², 3/7 эт.",,,12 910 125 ₽,,,,,,,2,2026-05-05T17:18:42,https://www.avito.ru/sankt-peterburg/kvartiry/2-k._kvartira_433_m_37_et._7996035981?context=H4sIAAAAAAAA_wE_AMD_YToyOntzOjEzOiJsb2NhbFByaW9yaXR5IjtiOjA7czoxOiJ4IjtzOjE2OiJmWmNKVUNHVEhiVFRRS2QxIjt9_gmwIz8AAAA
8151044818,"2-к. квартира, 44,6 м², 2/5 эт.",,,6 500 000 ₽,,,,,,,1,2026-05-05T17:16:18,https://www.avito.ru/sankt-peterburg/kvartiry/2-k._kvartira_446_m_25_et._8151044818?context=H4sIAAAAAAAA_wE_AMD_YToyOntzOjEzOiJsb2NhbFByaW9yaXR5IjtiOjA7czoxOiJ4IjtzOjE2OiJyd2N4YWcyRzhPWTVkZU5PIjt9_3hiIT8AAAA
8089548118,"2-к. квартира, 44,9 м², 5/9 эт.",,,9 500 000 ₽,,,,,,,2,2026-05-05T17:18:42,https://www.avito.ru/sankt-peterburg/kvartiry/2-k._kvartira_449_m_59_et._8089548118?context=H4sIAAAAAAAA_wE_AMD_YToyOntzOjEzOiJsb2NhbFByaW9yaXR5IjtiOjA7czoxOiJ4IjtzOjE2OiJmWmNKVUNHVEhiVFRRS2QxIjt9_gmwIz8AAAA
8099693104,"2-к. квартира, 45,6 м², 3/5 эт.",,,8 100 000 ₽,,,,,,,1,2026-05-05T17:16:18,https://www.avito.ru/sankt-peterburg/kvartiry/2-k._kvartira_456_m_35_et._8099693104?context=H4sIAAAAAAAA_wE_AMD_YToyOntzOjEzOiJsb2NhbFByaW9yaXR5IjtiOjA7czoxOiJ4IjtzOjE2OiJyd2N4YWcyRzhPWTVkZU5PIjt9_3hiIT8AAAA
8127325294,"2-к. квартира, 45 м², 1/5 эт.",,,7 600 000 ₽,,,,,,,2,2026-05-05T17:18:42,https://www.avito.ru/sankt-peterburg/kvartiry/2-k._kvartira_45_m_15_et._8127325294?context=H4sIAAAAAAAA_wE_AMD_YToyOntzOjEzOiJsb2NhbFByaW9yaXR5IjtiOjA7czoxOiJ4IjtzOjE2OiJmWmNKVUNHVEhiVFRRS2QxIjt9_gmwIz8AAAA
8060342685,"2-к. квартира, 47 м², 5/5 эт.",,,7 000 000 ₽,,,,,,,1,2026-05-05T17:16:18,https://www.avito.ru/sankt-peterburg/kvartiry/2-k._kvartira_47_m_55_et._8060342685?context=H4sIAAAAAAAA_wE_AMD_YToyOntzOjEzOiJsb2NhbFByaW9yaXR5IjtiOjA7czoxOiJ4IjtzOjE2OiJyd2N4YWcyRzhPWTVkZU5PIjt9_3hiIT8AAAA
7968707716,"2-к. квартира, 54,7 м², 11/12 эт.",,,7 907 614 ₽,,,,,,,1,2026-05-05T17:16:18,https://www.avito.ru/sankt-peterburg/kvartiry/2-k._kvartira_547_m_1112_et._7968707716?context=H4sIAAAAAAAA_wE_AMD_YToyOntzOjEzOiJsb2NhbFByaW9yaXR5IjtiOjA7czoxOiJ4IjtzOjE2OiJyd2N4YWcyRzhPWTVkZU5PIjt9_3hiIT8AAAA
8099363479,"2-к. квартира, 57,5 м², 7/22 эт.",,,24 950 000 ₽,,,,,,,1,2026-05-05T17:16:18,https://www.avito.ru/sankt-peterburg/kvartiry/2-k._kvartira_575_m_722_et._8099363479?context=H4sIAAAAAAAA_wGIAHf_YTo0OntzOjEzOiJsb2NhbFByaW9yaXR5IjtiOjA7czozOiJzcmMiO3M6MTk6Iml0ZW1zQ2Fyb3VzZWxXaWRnZXQiO3M6MTE6IndpZGdldFRpdGxlIjtOO3M6MToieCI7czozMToiZ2M4cXBoYzhoMTU2cWRrN2V0cWljOXFmeWRjdHh0aCI7fTyyPvKIAAAA
7968755050,"2-к. квартира, 58,4 м², 2/18 эт.",,,6 919 533 ₽,,,,,,,1,2026-05-05T17:16:18,https://www.avito.ru/sankt-peterburg/kvartiry/2-k._kvartira_584_m_218_et._7968755050?context=H4sIAAAAAAAA_wE_AMD_YToyOntzOjEzOiJsb2NhbFByaW9yaXR5IjtiOjA7czoxOiJ4IjtzOjE2OiJyd2N4YWcyRzhPWTVkZU5PIjt9_3hiIT8AAAA
2895767781,"2-к. квартира, 59,3 м², 8/10 эт.",,,8 707 316 ₽,,,,,,,2,2026-05-05T17:18:42,https://www.avito.ru/sankt-peterburg/kvartiry/2-k._kvartira_593_m_810_et._2895767781?context=H4sIAAAAAAAA_wE_AMD_YToyOntzOjEzOiJsb2NhbFByaW9yaXR5IjtiOjA7czoxOiJ4IjtzOjE2OiJmWmNKVUNHVEhiVFRRS2QxIjt9_gmwIz8AAAA
7920063152,"2-к. квартира, 60,5 м², 5/9 эт.",,,8 971 406 ₽,,,,,,,1,2026-05-05T17:16:18,https://www.avito.ru/sankt-peterburg/kvartiry/2-k._kvartira_605_m_59_et._7920063152?context=H4sIAAAAAAAA_wE_AMD_YToyOntzOjEzOiJsb2NhbFByaW9yaXR5IjtiOjA7czoxOiJ4IjtzOjE2OiJyd2N4YWcyRzhPWTVkZU5PIjt9_3hiIT8AAAA
7968587291,"2-к. квартира, 64,4 м², 6/17 эт.",,,7 511 616 ₽,,,,,,,1,2026-05-05T17:16:18,https://www.avito.ru/sankt-peterburg/kvartiry/2-k._kvartira_644_m_617_et._7968587291?context=H4sIAAAAAAAA_wE_AMD_YToyOntzOjEzOiJsb2NhbFByaW9yaXR5IjtiOjA7czoxOiJ4IjtzOjE2OiJyd2N4YWcyRzhPWTVkZU5PIjt9_3hiIT8AAAA
7968336943,"2-к. квартира, 64,4 м², 8/17 эт.",,,7 394 551 ₽,,,,,,,1,2026-05-05T17:16:18,https://www.avito.ru/sankt-peterburg/kvartiry/2-k._kvartira_644_m_817_et._7968336943?context=H4sIAAAAAAAA_wE_AMD_YToyOntzOjEzOiJsb2NhbFByaW9yaXR5IjtiOjA7czoxOiJ4IjtzOjE2OiJyd2N4YWcyRzhPWTVkZU5PIjt9_3hiIT8AAAA
4035143649,"2-к. квартира, 73 м², 4/20 эт.",,,19 500 000 ₽,,,,,,,2,2026-05-05T17:18:42,https://www.avito.ru/sankt-peterburg/kvartiry/2-k._kvartira_73_m_420_et._4035143649?context=H4sIAAAAAAAA_wE_AMD_YToyOntzOjEzOiJsb2NhbFByaW9yaXR5IjtiOjA7czoxOiJ4IjtzOjE2OiJmWmNKVUNHVEhiVFRRS2QxIjt9_gmwIz8AAAA
8173066253,"2-к. квартира, 79,2 м², 4/23 эт.",,,22 900 000 ₽,,,,,,,1,2026-05-05T17:16:18,https://www.avito.ru/sankt-peterburg/kvartiry/2-k._kvartira_792_m_423_et._8173066253?context=H4sIAAAAAAAA_wGIAHf_YTo0OntzOjEzOiJsb2NhbFByaW9yaXR5IjtiOjA7czozOiJzcmMiO3M6MTk6Iml0ZW1zQ2Fyb3VzZWxXaWRnZXQiO3M6MTE6IndpZGdldFRpdGxlIjtOO3M6MToieCI7czozMToiZ2M4cXBoYzhoMTU2cWRrN2V0cWljOXFmeWRjdHh0aCI7fTyyPvKIAAAA
7951964772,"2-к. квартира, 82,7 м², 24/25 эт.",,,18 969 491 ₽,,,,,,,1,2026-05-05T17:16:18,https://www.avito.ru/sankt-peterburg/kvartiry/2-k._kvartira_827_m_2425_et._7951964772?context=H4sIAAAAAAAA_wE_AMD_YToyOntzOjEzOiJsb2NhbFByaW9yaXR5IjtiOjA7czoxOiJ4IjtzOjE2OiJyd2N4YWcyRzhPWTVkZU5PIjt9_3hiIT8AAAA
4184321164,"3-к. апартаменты, 74,1 м², 3/17 эт.",,,12 334 686 ₽,,,,,,,1,2026-05-05T17:16:18,https://www.avito.ru/sankt-peterburg/kvartiry/3-k._apartamenty_741_m_317_et._4184321164?context=H4sIAAAAAAAA_wE_AMD_YToyOntzOjEzOiJsb2NhbFByaW9yaXR5IjtiOjA7czoxOiJ4IjtzOjE2OiJyd2N4YWcyRzhPWTVkZU5PIjt9_3hiIT8AAAA
4183993961,"3-к. апартаменты, 74,3 м², 2/17 эт.",,,12 003 908 ₽,,,,,,,1,2026-05-05T17:16:18,https://www.avito.ru/sankt-peterburg/kvartiry/3-k._apartamenty_743_m_217_et._4183993961?context=H4sIAAAAAAAA_wE_AMD_YToyOntzOjEzOiJsb2NhbFByaW9yaXR5IjtiOjA7czoxOiJ4IjtzOjE2OiJyd2N4YWcyRzhPWTVkZU5PIjt9_3hiIT8AAAA
7952802334,"3-к. квартира, 102,4 м², 5/25 эт.",,,22 749 536 ₽,,,,,,,1,2026-05-05T17:16:18,https://www.avito.ru/sankt-peterburg/kvartiry/3-k._kvartira_1024_m_525_et._7952802334?context=H4sIAAAAAAAA_wE_AMD_YToyOntzOjEzOiJsb2NhbFByaW9yaXR5IjtiOjA7czoxOiJ4IjtzOjE2OiJyd2N4YWcyRzhPWTVkZU5PIjt9_3hiIT8AAAA
4246571095,"3-к. квартира, 104,6 м², 5/12 эт.",,,34 546 932 ₽,,,,,,,2,2026-05-05T17:18:42,https://www.avito.ru/sankt-peterburg/kvartiry/3-k._kvartira_1046_m_512_et._4246571095?context=H4sIAAAAAAAA_wE_AMD_YToyOntzOjEzOiJsb2NhbFByaW9yaXR5IjtiOjA7czoxOiJ4IjtzOjE2OiJmWmNKVUNHVEhiVFRRS2QxIjt9_gmwIz8AAAA
8063757641,"3-к. квартира, 106,6 м², 17/17 эт.",,,21 531 798 ₽,,,,,,,1,2026-05-05T17:16:18,https://www.avito.ru/sankt-peterburg/kvartiry/3-k._kvartira_1066_m_1717_et._8063757641?context=H4sIAAAAAAAA_wE_AMD_YToyOntzOjEzOiJsb2NhbFByaW9yaXR5IjtiOjA7czoxOiJ4IjtzOjE2OiJyd2N4YWcyRzhPWTVkZU5PIjt9_3hiIT8AAAA
8058281806,"3-к. квартира, 41,7 м², 1/5 эт.",,,6 600 000 ₽,,,,,,,1,2026-05-05T17:16:18,https://www.avito.ru/sankt-peterburg/kvartiry/3-k._kvartira_417_m_15_et._8058281806?context=H4sIAAAAAAAA_wE_AMD_YToyOntzOjEzOiJsb2NhbFByaW9yaXR5IjtiOjA7czoxOiJ4IjtzOjE2OiJyd2N4YWcyRzhPWTVkZU5PIjt9_3hiIT8AAAA
8018270709,"3-к. квартира, 42,2 м², 1/5 эт.",,,6 500 000 ₽,,,,,,,2,2026-05-05T17:18:42,https://www.avito.ru/sankt-peterburg/kvartiry/3-k._kvartira_422_m_15_et._8018270709?context=H4sIAAAAAAAA_wE_AMD_YToyOntzOjEzOiJsb2NhbFByaW9yaXR5IjtiOjA7czoxOiJ4IjtzOjE2OiJmWmNKVUNHVEhiVFRRS2QxIjt9_gmwIz8AAAA
8127087544,"3-к. квартира, 42 м², 3/5 эт.",,,6 700 000 ₽,,,,,,,1,2026-05-05T17:16:18,https://www.avito.ru/sankt-peterburg/kvartiry/3-k._kvartira_42_m_35_et._8127087544?context=H4sIAAAAAAAA_wE_AMD_YToyOntzOjEzOiJsb2NhbFByaW9yaXR5IjtiOjA7czoxOiJ4IjtzOjE2OiJyd2N4YWcyRzhPWTVkZU5PIjt9_3hiIT8AAAA
7813165624,"3-к. квартира, 59 м², 5/9 эт.",,,8 000 000 ₽,,,,,,,2,2026-05-05T17:18:42,https://www.avito.ru/sankt-peterburg/kvartiry/3-k._kvartira_59_m_59_et._7813165624?context=H4sIAAAAAAAA_wE_AMD_YToyOntzOjEzOiJsb2NhbFByaW9yaXR5IjtiOjA7czoxOiJ4IjtzOjE2OiJmWmNKVUNHVEhiVFRRS2QxIjt9_gmwIz8AAAA
7902166183,"3-к. квартира, 70,4 м², 4/23 эт.",,,11 120 040 ₽,,,,,,,2,2026-05-05T17:18:42,https://www.avito.ru/sankt-peterburg/kvartiry/3-k._kvartira_704_m_423_et._7902166183?context=H4sIAAAAAAAA_wE_AMD_YToyOntzOjEzOiJsb2NhbFByaW9yaXR5IjtiOjA7czoxOiJ4IjtzOjE2OiJmWmNKVUNHVEhiVFRRS2QxIjt9_gmwIz8AAAA
7902166183,"3-к. квартира, 70,4 м², 4/23 эт.",,,11 120 040 ₽,,,,,,,1,2026-05-05T17:16:18,https://www.avito.ru/sankt-peterburg/kvartiry/3-k._kvartira_704_m_423_et._7902166183?context=H4sIAAAAAAAA_wE_AMD_YToyOntzOjEzOiJsb2NhbFByaW9yaXR5IjtiOjA7czoxOiJ4IjtzOjE2OiJyd2N4YWcyRzhPWTVkZU5PIjt9_3hiIT8AAAA
7246776944,"3-к. квартира, 72,2 м², 17/22 эт.",,,21 677 328 ₽,,,,,,,2,2026-05-05T17:18:42,https://www.avito.ru/sankt-peterburg/kvartiry/3-k._kvartira_722_m_1722_et._7246776944?context=H4sIAAAAAAAA_wE_AMD_YToyOntzOjEzOiJsb2NhbFByaW9yaXR5IjtiOjA7czoxOiJ4IjtzOjE2OiJmWmNKVUNHVEhiVFRRS2QxIjt9_gmwIz8AAAA
7246816972,"3-к. квартира, 72,2 м², 22/22 эт.",,,21 898 260 ₽,,,,,,,1,2026-05-05T17:16:18,https://www.avito.ru/sankt-peterburg/kvartiry/3-k._kvartira_722_m_2222_et._7246816972?context=H4sIAAAAAAAA_wE_AMD_YToyOntzOjEzOiJsb2NhbFByaW9yaXR5IjtiOjA7czoxOiJ4IjtzOjE2OiJyd2N4YWcyRzhPWTVkZU5PIjt9_3hiIT8AAAA
8065271599,"3-к. квартира, 75,2 м², 2/12 эт.",,,13 416 185 ₽,,,,,,,1,2026-05-05T17:16:18,https://www.avito.ru/sankt-peterburg/kvartiry/3-k._kvartira_752_m_212_et._8065271599?context=H4sIAAAAAAAA_wE_AMD_YToyOntzOjEzOiJsb2NhbFByaW9yaXR5IjtiOjA7czoxOiJ4IjtzOjE2OiJyd2N4YWcyRzhPWTVkZU5PIjt9_3hiIT8AAAA
8022325834,"3-к. квартира, 75,8 м², 12/17 эт.",,,20 399 275 ₽,,,,,,,2,2026-05-05T17:18:42,https://www.avito.ru/sankt-peterburg/kvartiry/3-k._kvartira_758_m_1217_et._8022325834?context=H4sIAAAAAAAA_wE_AMD_YToyOntzOjEzOiJsb2NhbFByaW9yaXR5IjtiOjA7czoxOiJ4IjtzOjE2OiJmWmNKVUNHVEhiVFRRS2QxIjt9_gmwIz8AAAA
7968154440,"3-к. квартира, 83,7 м², 12/18 эт.",,,12 396 646 ₽,,,,,,,2,2026-05-05T17:18:42,https://www.avito.ru/sankt-peterburg/kvartiry/3-k._kvartira_837_m_1218_et._7968154440?context=H4sIAAAAAAAA_wE_AMD_YToyOntzOjEzOiJsb2NhbFByaW9yaXR5IjtiOjA7czoxOiJ4IjtzOjE2OiJmWmNKVUNHVEhiVFRRS2QxIjt9_gmwIz8AAAA
7892532487,"3-к. квартира, 88,4 м², 4/12 эт.",,,27 900 533 ₽,,,,,,,2,2026-05-05T17:18:42,https://www.avito.ru/sankt-peterburg/kvartiry/3-k._kvartira_884_m_412_et._7892532487?context=H4sIAAAAAAAA_wE_AMD_YToyOntzOjEzOiJsb2NhbFByaW9yaXR5IjtiOjA7czoxOiJ4IjtzOjE2OiJmWmNKVUNHVEhiVFRRS2QxIjt9_gmwIz8AAAA
4406867307,"3-к. квартира, 92,4 м², 7/23 эт.",,,26 847 624 ₽,,,,,,,2,2026-05-05T17:18:42,https://www.avito.ru/sankt-peterburg/kvartiry/3-k._kvartira_924_m_723_et._4406867307?context=H4sIAAAAAAAA_wE_AMD_YToyOntzOjEzOiJsb2NhbFByaW9yaXR5IjtiOjA7czoxOiJ4IjtzOjE2OiJmWmNKVUNHVEhiVFRRS2QxIjt9_gmwIz8AAAA
7839762568,"3-к. квартира, 98,8 м², 2/2 эт.",,,24 951 719 ₽,,,,,,,2,2026-05-05T17:18:42,https://www.avito.ru/sankt-peterburg/kvartiry/3-k._kvartira_988_m_22_et._7839762568?context=H4sIAAAAAAAA_wE_AMD_YToyOntzOjEzOiJsb2NhbFByaW9yaXR5IjtiOjA7czoxOiJ4IjtzOjE2OiJmWmNKVUNHVEhiVFRRS2QxIjt9_gmwIz8AAAA
7668082491,"4-к. квартира, 139,2 м², 4/6 эт.",,,175 329 000 ₽,,,,,,,1,2026-05-05T17:16:18,https://www.avito.ru/sankt-peterburg/kvartiry/4-k._kvartira_1392_m_46_et._7668082491?context=H4sIAAAAAAAA_wE_AMD_YToyOntzOjEzOiJsb2NhbFByaW9yaXR5IjtiOjA7czoxOiJ4IjtzOjE2OiJyd2N4YWcyRzhPWTVkZU5PIjt9_3hiIT8AAAA
8132934695,"Апартаменты-студия, 12,5 м², 1/5 эт.",,,1 900 000 ₽,,,,,,,2,2026-05-05T17:18:42,https://www.avito.ru/sankt-peterburg/kvartiry/apartamenty-studiya_125_m_15_et._8132934695?context=H4sIAAAAAAAA_wE_AMD_YToyOntzOjEzOiJsb2NhbFByaW9yaXR5IjtiOjA7czoxOiJ4IjtzOjE2OiJmWmNKVUNHVEhiVFRRS2QxIjt9_gmwIz8AAAA
8074411704,"Апартаменты-студия, 12 м², 2/4 эт.",,,4 600 000 ₽,,,,,,,2,2026-05-05T17:18:42,https://www.avito.ru/sankt-peterburg/kvartiry/apartamenty-studiya_12_m_24_et._8074411704?context=H4sIAAAAAAAA_wE_AMD_YToyOntzOjEzOiJsb2NhbFByaW9yaXR5IjtiOjA7czoxOiJ4IjtzOjE2OiJmWmNKVUNHVEhiVFRRS2QxIjt9_gmwIz8AAAA
8057299796,"Апартаменты-студия, 23,4 м², 1/6 эт.",,,4 990 000 ₽,,,,,,,1,2026-05-05T17:16:18,https://www.avito.ru/sankt-peterburg/kvartiry/apartamenty-studiya_234_m_16_et._8057299796?context=H4sIAAAAAAAA_wE_AMD_YToyOntzOjEzOiJsb2NhbFByaW9yaXR5IjtiOjA7czoxOiJ4IjtzOjE2OiJyd2N4YWcyRzhPWTVkZU5PIjt9_3hiIT8AAAA
4183989852,"Апартаменты-студия, 23,9 м², 13/17 эт.",,,5 263 258 ₽,,,,,,,2,2026-05-05T17:18:42,https://www.avito.ru/sankt-peterburg/kvartiry/apartamenty-studiya_239_m_1317_et._4183989852?context=H4sIAAAAAAAA_wE_AMD_YToyOntzOjEzOiJsb2NhbFByaW9yaXR5IjtiOjA7czoxOiJ4IjtzOjE2OiJmWmNKVUNHVEhiVFRRS2QxIjt9_gmwIz8AAAA
7756152548,"Апартаменты-студия, 24,5 м², 2/18 эт.",,,4 950 000 ₽,,,,,,,1,2026-05-05T17:16:18,https://www.avito.ru/sankt-peterburg/kvartiry/apartamenty-studiya_245_m_218_et._7756152548?context=H4sIAAAAAAAA_wGIAHf_YTo0OntzOjEzOiJsb2NhbFByaW9yaXR5IjtiOjA7czozOiJzcmMiO3M6MTk6Iml0ZW1zQ2Fyb3VzZWxXaWRnZXQiO3M6MTE6IndpZGdldFRpdGxlIjtOO3M6MToieCI7czozMToiZ2M4cXBoYzhoMTU2cWRrN2V0cWljOXFmeWRjdHh0aCI7fTyyPvKIAAAA
7798591897,"Апартаменты-студия, 24,6 м², 3/9 эт.",,,6 005 000 ₽,,,,,,,2,2026-05-05T17:18:42,https://www.avito.ru/sankt-peterburg/kvartiry/apartamenty-studiya_246_m_39_et._7798591897?context=H4sIAAAAAAAA_wE_AMD_YToyOntzOjEzOiJsb2NhbFByaW9yaXR5IjtiOjA7czoxOiJ4IjtzOjE2OiJmWmNKVUNHVEhiVFRRS2QxIjt9_gmwIz8AAAA
8128906956,"Апартаменты-студия, 35,3 м², 6/19 эт.",,,12 527 950 ₽,,,,,,,1,2026-05-05T17:16:18,https://www.avito.ru/sankt-peterburg/kvartiry/apartamenty-studiya_353_m_619_et._8128906956?context=H4sIAAAAAAAA_wGIAHf_YTo0OntzOjEzOiJsb2NhbFByaW9yaXR5IjtiOjA7czozOiJzcmMiO3M6MTk6Iml0ZW1zQ2Fyb3VzZWxXaWRnZXQiO3M6MTE6IndpZGdldFRpdGxlIjtOO3M6MToieCI7czozMToiZ2M4cXBoYzhoMTU2cWRrN2V0cWljOXFmeWRjdHh0aCI7fTyyPvKIAAAA
7897458693,"Апартаменты-студия, 38 м², 6/6 эт.",,,5 490 000 ₽,,,,,,,1,2026-05-05T17:16:18,https://www.avito.ru/sankt-peterburg/kvartiry/apartamenty-studiya_38_m_66_et._7897458693?context=H4sIAAAAAAAA_wE_AMD_YToyOntzOjEzOiJsb2NhbFByaW9yaXR5IjtiOjA7czoxOiJ4IjtzOjE2OiJyd2N4YWcyRzhPWTVkZU5PIjt9_3hiIT8AAAA
7577144349,"Апартаменты-студия, 40,6 м², 6/6 эт.",,,4 926 000 ₽,,,,,,,1,2026-05-05T17:16:18,https://www.avito.ru/sankt-peterburg/kvartiry/apartamenty-studiya_406_m_66_et._7577144349?context=H4sIAAAAAAAA_wE_AMD_YToyOntzOjEzOiJsb2NhbFByaW9yaXR5IjtiOjA7czoxOiJ4IjtzOjE2OiJyd2N4YWcyRzhPWTVkZU5PIjt9_3hiIT8AAAA
7982981350,"Квартира-студия, 13 м², 1/2 эт.",,,3 120 000 ₽,,,,,,,2,2026-05-05T17:18:42,https://www.avito.ru/sankt-peterburg/kvartiry/kvartira-studiya_13_m_12_et._7982981350?context=H4sIAAAAAAAA_wE_AMD_YToyOntzOjEzOiJsb2NhbFByaW9yaXR5IjtiOjA7czoxOiJ4IjtzOjE2OiJmWmNKVUNHVEhiVFRRS2QxIjt9_gmwIz8AAAA
7985820821,"Квартира-студия, 17,5 м², 2/4 эт.",,,5 800 000 ₽,,,,,,,1,2026-05-05T17:16:18,https://www.avito.ru/sankt-peterburg/kvartiry/kvartira-studiya_175_m_24_et._7985820821?context=H4sIAAAAAAAA_wE_AMD_YToyOntzOjEzOiJsb2NhbFByaW9yaXR5IjtiOjA7czoxOiJ4IjtzOjE2OiJyd2N4YWcyRzhPWTVkZU5PIjt9_3hiIT8AAAA
7992762054,"Квартира-студия, 17 м², 1/5 эт.",,,3 499 999 ₽,,,,,,,2,2026-05-05T17:18:42,https://www.avito.ru/sankt-peterburg/kvartiry/kvartira-studiya_17_m_15_et._7992762054?context=H4sIAAAAAAAA_wE_AMD_YToyOntzOjEzOiJsb2NhbFByaW9yaXR5IjtiOjA7czoxOiJ4IjtzOjE2OiJmWmNKVUNHVEhiVFRRS2QxIjt9_gmwIz8AAAA
7985532117,"Квартира-студия, 18,2 м², 2/5 эт.",,,6 205 000 ₽,,,,,,,2,2026-05-05T17:18:42,https://www.avito.ru/sankt-peterburg/kvartiry/kvartira-studiya_182_m_25_et._7985532117?context=H4sIAAAAAAAA_wE_AMD_YToyOntzOjEzOiJsb2NhbFByaW9yaXR5IjtiOjA7czoxOiJ4IjtzOjE2OiJmWmNKVUNHVEhiVFRRS2QxIjt9_gmwIz8AAAA
7534690077,"Квартира-студия, 20,4 м², 19/25 эт.",,,3 818 880 ₽,,,,,,,1,2026-05-05T17:16:18,https://www.avito.ru/sankt-peterburg/kvartiry/kvartira-studiya_204_m_1925_et._7534690077?context=H4sIAAAAAAAA_wE_AMD_YToyOntzOjEzOiJsb2NhbFByaW9yaXR5IjtiOjA7czoxOiJ4IjtzOjE2OiJyd2N4YWcyRzhPWTVkZU5PIjt9_3hiIT8AAAA
7534690077,"Квартира-студия, 20,4 м², 19/25 эт.",,,3 818 880 ₽,,,,,,,1,2026-05-05T17:16:18,https://www.avito.ru/sankt-peterburg/kvartiry/kvartira-studiya_204_m_1925_et._7534690077?context=H4sIAAAAAAAA_wGIAHf_YTo0OntzOjEzOiJsb2NhbFByaW9yaXR5IjtiOjA7czozOiJzcmMiO3M6MTk6Iml0ZW1zQ2Fyb3VzZWxXaWRnZXQiO3M6MTE6IndpZGdldFRpdGxlIjtOO3M6MToieCI7czozMToiZ2M4cXBoYzhoMTU2cWRrN2V0cWljOXFmeWRjdHh0aCI7fTyyPvKIAAAA
7662904151,"Квартира-студия, 21,2 м², 6/22 эт.",,,4 354 056 ₽,,,,,,,1,2026-05-05T17:16:18,https://www.avito.ru/sankt-peterburg/kvartiry/kvartira-studiya_212_m_622_et._7662904151?context=H4sIAAAAAAAA_wE_AMD_YToyOntzOjEzOiJsb2NhbFByaW9yaXR5IjtiOjA7czoxOiJ4IjtzOjE2OiJyd2N4YWcyRzhPWTVkZU5PIjt9_3hiIT8AAAA
8132968128,"Квартира-студия, 21,6 м², 1/12 эт.",,,10 596 960 ₽,,,,,,,1,2026-05-05T17:16:18,https://www.avito.ru/sankt-peterburg/kvartiry/kvartira-studiya_216_m_112_et._8132968128?context=H4sIAAAAAAAA_wE_AMD_YToyOntzOjEzOiJsb2NhbFByaW9yaXR5IjtiOjA7czoxOiJ4IjtzOjE2OiJyd2N4YWcyRzhPWTVkZU5PIjt9_3hiIT8AAAA
8075683973,"Квартира-студия, 21 м², 3/6 эт.",,,4 690 000 ₽,,,,,,,2,2026-05-05T17:18:42,https://www.avito.ru/sankt-peterburg/kvartiry/kvartira-studiya_21_m_36_et._8075683973?context=H4sIAAAAAAAA_wE_AMD_YToyOntzOjEzOiJsb2NhbFByaW9yaXR5IjtiOjA7czoxOiJ4IjtzOjE2OiJmWmNKVUNHVEhiVFRRS2QxIjt9_gmwIz8AAAA
8098685157,"Квартира-студия, 22 м², 2/6 эт.",,,3 980 000 ₽,,,,,,,1,2026-05-05T17:16:18,https://www.avito.ru/sankt-peterburg/kvartiry/kvartira-studiya_22_m_26_et._8098685157?context=H4sIAAAAAAAA_wE_AMD_YToyOntzOjEzOiJsb2NhbFByaW9yaXR5IjtiOjA7czoxOiJ4IjtzOjE2OiJyd2N4YWcyRzhPWTVkZU5PIjt9_3hiIT8AAAA
7993396102,"Квартира-студия, 24,7 м², 2/4 эт.",,,5 700 000 ₽,,,,,,,1,2026-05-05T17:16:18,https://www.avito.ru/sankt-peterburg/kvartiry/kvartira-studiya_247_m_24_et._7993396102?context=H4sIAAAAAAAA_wE_AMD_YToyOntzOjEzOiJsb2NhbFByaW9yaXR5IjtiOjA7czoxOiJ4IjtzOjE2OiJyd2N4YWcyRzhPWTVkZU5PIjt9_3hiIT8AAAA
7993396102,"Квартира-студия, 24,7 м², 2/4 эт.",,,5 700 000 ₽,,,,,,,1,2026-05-05T17:16:18,https://www.avito.ru/sankt-peterburg/kvartiry/kvartira-studiya_247_m_24_et._7993396102?context=H4sIAAAAAAAA_wGIAHf_YTo0OntzOjEzOiJsb2NhbFByaW9yaXR5IjtiOjA7czozOiJzcmMiO3M6MTk6Iml0ZW1zQ2Fyb3VzZWxXaWRnZXQiO3M6MTE6IndpZGdldFRpdGxlIjtOO3M6MToieCI7czozMToiZ2M4cXBoYzhoMTU2cWRrN2V0cWljOXFmeWRjdHh0aCI7fTyyPvKIAAAA
8088986621,"Квартира-студия, 24,7 м², 4/6 эт.",,,4 990 000 ₽,,,,,,,1,2026-05-05T17:16:18,https://www.avito.ru/sankt-peterburg/kvartiry/kvartira-studiya_247_m_46_et._8088986621?context=H4sIAAAAAAAA_wE_AMD_YToyOntzOjEzOiJsb2NhbFByaW9yaXR5IjtiOjA7czoxOiJ4IjtzOjE2OiJyd2N4YWcyRzhPWTVkZU5PIjt9_3hiIT8AAAA
4277408710,"Квартира-студия, 24,9 м², 2/5 эт.",,,6 000 024 ₽,,,,,,,2,2026-05-05T17:18:42,https://www.avito.ru/sankt-peterburg/kvartiry/kvartira-studiya_249_m_25_et._4277408710?context=H4sIAAAAAAAA_wE_AMD_YToyOntzOjEzOiJsb2NhbFByaW9yaXR5IjtiOjA7czoxOiJ4IjtzOjE2OiJmWmNKVUNHVEhiVFRRS2QxIjt9_gmwIz8AAAA
8060012649,"Квартира-студия, 24,9 м², 5/5 эт.",,,6 000 000 ₽,,,,,,,1,2026-05-05T17:16:18,https://www.avito.ru/sankt-peterburg/kvartiry/kvartira-studiya_249_m_55_et._8060012649?context=H4sIAAAAAAAA_wGIAHf_YTo0OntzOjEzOiJsb2NhbFByaW9yaXR5IjtiOjA7czozOiJzcmMiO3M6MTk6Iml0ZW1zQ2Fyb3VzZWxXaWRnZXQiO3M6MTE6IndpZGdldFRpdGxlIjtOO3M6MToieCI7czozMToiZ2M4cXBoYzhoMTU2cWRrN2V0cWljOXFmeWRjdHh0aCI7fTyyPvKIAAAA
8063548502,"Квартира-студия, 24 м², 1/6 эт.",,,5 390 000 ₽,,,,,,,2,2026-05-05T17:18:42,https://www.avito.ru/sankt-peterburg/kvartiry/kvartira-studiya_24_m_16_et._8063548502?context=H4sIAAAAAAAA_wE_AMD_YToyOntzOjEzOiJsb2NhbFByaW9yaXR5IjtiOjA7czoxOiJ4IjtzOjE2OiJmWmNKVUNHVEhiVFRRS2QxIjt9_gmwIz8AAAA
8053137029,"Квартира-студия, 24 м², 7/19 эт.",,,6 100 000 ₽,,,,,,,2,2026-05-05T17:18:42,https://www.avito.ru/sankt-peterburg/kvartiry/kvartira-studiya_24_m_719_et._8053137029?context=H4sIAAAAAAAA_wE_AMD_YToyOntzOjEzOiJsb2NhbFByaW9yaXR5IjtiOjA7czoxOiJ4IjtzOjE2OiJmWmNKVUNHVEhiVFRRS2QxIjt9_gmwIz8AAAA
8060841886,"Квартира-студия, 25,2 м², 6/25 эт.",,,5 980 000 ₽,,,,,,,2,2026-05-05T17:18:42,https://www.avito.ru/sankt-peterburg/kvartiry/kvartira-studiya_252_m_625_et._8060841886?context=H4sIAAAAAAAA_wE_AMD_YToyOntzOjEzOiJsb2NhbFByaW9yaXR5IjtiOjA7czoxOiJ4IjtzOjE2OiJmWmNKVUNHVEhiVFRRS2QxIjt9_gmwIz8AAAA
8021120419,"Квартира-студия, 25 м², 2/5 эт.",,,5 390 000 ₽,,,,,,,1,2026-05-05T17:16:18,https://www.avito.ru/sankt-peterburg/kvartiry/kvartira-studiya_25_m_25_et._8021120419?context=H4sIAAAAAAAA_wGIAHf_YTo0OntzOjEzOiJsb2NhbFByaW9yaXR5IjtiOjA7czozOiJzcmMiO3M6MTk6Iml0ZW1zQ2Fyb3VzZWxXaWRnZXQiO3M6MTE6IndpZGdldFRpdGxlIjtOO3M6MToieCI7czozMToiZ2M4cXBoYzhoMTU2cWRrN2V0cWljOXFmeWRjdHh0aCI7fTyyPvKIAAAA
8034017100,"Квартира-студия, 26 м², 15/24 эт.",,,6 600 000 ₽,,,,,,,2,2026-05-05T17:18:42,https://www.avito.ru/sankt-peterburg/kvartiry/kvartira-studiya_26_m_1524_et._8034017100?context=H4sIAAAAAAAA_wE_AMD_YToyOntzOjEzOiJsb2NhbFByaW9yaXR5IjtiOjA7czoxOiJ4IjtzOjE2OiJmWmNKVUNHVEhiVFRRS2QxIjt9_gmwIz8AAAA
8075353443,"Квартира-студия, 28,3 м², 4/9 эт.",,,10 624 445 ₽,,,,,,,1,2026-05-05T17:16:18,https://www.avito.ru/sankt-peterburg/kvartiry/kvartira-studiya_283_m_49_et._8075353443?context=H4sIAAAAAAAA_wE_AMD_YToyOntzOjEzOiJsb2NhbFByaW9yaXR5IjtiOjA7czoxOiJ4IjtzOjE2OiJyd2N4YWcyRzhPWTVkZU5PIjt9_3hiIT8AAAA
7468609221,"Квартира-студия, 28,6 м², 15/15 эт.",,,7 119 999 ₽,,,,,,,2,2026-05-05T17:18:42,https://www.avito.ru/sankt-peterburg/kvartiry/kvartira-studiya_286_m_1515_et._7468609221?context=H4sIAAAAAAAA_wE_AMD_YToyOntzOjEzOiJsb2NhbFByaW9yaXR5IjtiOjA7czoxOiJ4IjtzOjE2OiJmWmNKVUNHVEhiVFRRS2QxIjt9_gmwIz8AAAA
8075804282,"Квартира-студия, 30 м², 2/4 эт.",,,5 800 000 ₽,,,,,,,2,2026-05-05T17:18:42,https://www.avito.ru/sankt-peterburg/kvartiry/kvartira-studiya_30_m_24_et._8075804282?context=H4sIAAAAAAAA_wE_AMD_YToyOntzOjEzOiJsb2NhbFByaW9yaXR5IjtiOjA7czoxOiJ4IjtzOjE2OiJmWmNKVUNHVEhiVFRRS2QxIjt9_gmwIz8AAAA
4380119693,"Квартира-студия, 32,7 м², 5/18 эт.",,,16 911 626 ₽,,,,,,,2,2026-05-05T17:18:42,https://www.avito.ru/sankt-peterburg/kvartiry/kvartira-studiya_327_m_518_et._4380119693?context=H4sIAAAAAAAA_wE_AMD_YToyOntzOjEzOiJsb2NhbFByaW9yaXR5IjtiOjA7czoxOiJ4IjtzOjE2OiJmWmNKVUNHVEhiVFRRS2QxIjt9_gmwIz8AAAA
8056906307,"Квартира-студия, 35 м², 3/6 эт.",,,6 300 000 ₽,,,,,,,1,2026-05-05T17:16:18,https://www.avito.ru/sankt-peterburg/kvartiry/kvartira-studiya_35_m_36_et._8056906307?context=H4sIAAAAAAAA_wE_AMD_YToyOntzOjEzOiJsb2NhbFByaW9yaXR5IjtiOjA7czoxOiJ4IjtzOjE2OiJyd2N4YWcyRzhPWTVkZU5PIjt9_3hiIT8AAAA
8020617749,"Квартира-студия, 36,4 м², 3/4 эт.",,,7 700 000 ₽,,,,,,,2,2026-05-05T17:18:42,https://www.avito.ru/sankt-peterburg/kvartiry/kvartira-studiya_364_m_34_et._8020617749?context=H4sIAAAAAAAA_wE_AMD_YToyOntzOjEzOiJsb2NhbFByaW9yaXR5IjtiOjA7czoxOiJ4IjtzOjE2OiJmWmNKVUNHVEhiVFRRS2QxIjt9_gmwIz8AAAA
4155784206,"Своб. планировка, 1001 м², 8/8 эт.",,,2 862 358 949 ₽,,,,,,,1,2026-05-05T17:16:18,https://www.avito.ru/sankt-peterburg/kvartiry/svob._planirovka_1001_m_88_et._4155784206?context=H4sIAAAAAAAA_wE_AMD_YToyOntzOjEzOiJsb2NhbFByaW9yaXR5IjtiOjA7czoxOiJ4IjtzOjE2OiJyd2N4YWcyRzhPWTVkZU5PIjt9_3hiIT8AAAA
7968764073,"Квартира-студия, 25,5 м², 8/11 эт.",,,3 789 399 ₽,,,,,,,1,2026-05-05T17:16:18,https://www.avito.ru/sankt-peterburg_kolpino/kvartiry/kvartira-studiya_255_m_811_et._7968764073?context=H4sIAAAAAAAA_wE_AMD_YToyOntzOjEzOiJsb2NhbFByaW9yaXR5IjtiOjA7czoxOiJ4IjtzOjE2OiJyd2N4YWcyRzhPWTVkZU5PIjt9_3hiIT8AAAA
7968758352,"1-к. квартира, 33,3 м², 4/11 эт.",,,3 785 269 ₽,,,,,,,1,2026-05-05T17:16:18,https://www.avito.ru/sankt-peterburg_krasnoye_selo/kvartiry/1-k._kvartira_333_m_411_et._7968758352?context=H4sIAAAAAAAA_wE_AMD_YToyOntzOjEzOiJsb2NhbFByaW9yaXR5IjtiOjA7czoxOiJ4IjtzOjE2OiJyd2N4YWcyRzhPWTVkZU5PIjt9_3hiIT8AAAA
7968143913,"3-к. квартира, 73,3 м², 3/11 эт.",,,7 046 979 ₽,,,,,,,1,2026-05-05T17:16:18,https://www.avito.ru/sankt-peterburg_krasnoye_selo/kvartiry/3-k._kvartira_733_m_311_et._7968143913?context=H4sIAAAAAAAA_wE_AMD_YToyOntzOjEzOiJsb2NhbFByaW9yaXR5IjtiOjA7czoxOiJ4IjtzOjE2OiJyd2N4YWcyRzhPWTVkZU5PIjt9_3hiIT8AAAA
4155784206,"Своб. планировка, 1001 м², 8/8 эт.",Своб. планировка,1001,2 862 358 949 ₽,2 859 499 ₽,,Спортивная,16–20 мин.,,,1,2026-05-05T22:41:30,https://www.avito.ru/sankt-peterburg/kvartiry/svob._planirovka_1001_m_88_et._4155784206?context=H4sIAAAAAAAA_wE_AMD_YToyOntzOjEzOiJsb2NhbFByaW9yaXR5IjtiOjA7czoxOiJ4IjtzOjE2OiJRam5tMTFIQ3g0cnpPT0xNIjt9jWU5tj8AAAA
7534690077,"Квартира-студия, 20,4 м², 19/25 эт.",Квартира-студия,20,3 818 880 ₽,187 200 ₽,,Гражданский проспект,от 31 мин.,,,1,2026-05-05T22:41:30,https://www.avito.ru/sankt-peterburg/kvartiry/kvartira-studiya_204_m_1925_et._7534690077?context=H4sIAAAAAAAA_wE_AMD_YToyOntzOjEzOiJsb2NhbFByaW9yaXR5IjtiOjA7czoxOiJ4IjtzOjE2OiJRam5tMTFIQ3g0cnpPT0xNIjt9jWU5tj8AAAA
7968127457,"1-к. квартира, 25 м², 1/12 эт.",1-к. квартира,25,5 432 092 ₽,217 284 ₽,,,,,,1,2026-05-05T22:41:30,https://www.avito.ru/sankt-peterburg/kvartiry/1-k._kvartira_25_m_112_et._7968127457?context=H4sIAAAAAAAA_wE_AMD_YToyOntzOjEzOiJsb2NhbFByaW9yaXR5IjtiOjA7czoxOiJ4IjtzOjE2OiJRam5tMTFIQ3g0cnpPT0xNIjt9jWU5tj8AAAA
7534056847,"2-к. квартира, 53,4 м², 2/21 эт.",2-к. квартира,53,9 078 534 ₽,170 010 ₽,,,,,,1,2026-05-05T22:41:30,https://www.avito.ru/sankt-peterburg/kvartiry/2-k._kvartira_534_m_221_et._7534056847?context=H4sIAAAAAAAA_wE_AMD_YToyOntzOjEzOiJsb2NhbFByaW9yaXR5IjtiOjA7czoxOiJ4IjtzOjE2OiJRam5tMTFIQ3g0cnpPT0xNIjt9jWU5tj8AAAA
7662904151,"Квартира-студия, 21,2 м², 6/22 эт.",Квартира-студия,21,4 354 056 ₽,205 380 ₽,,Академическая,от 31 мин.,,,1,2026-05-05T22:41:30,https://www.avito.ru/sankt-peterburg/kvartiry/kvartira-studiya_212_m_622_et._7662904151?context=H4sIAAAAAAAA_wE_AMD_YToyOntzOjEzOiJsb2NhbFByaW9yaXR5IjtiOjA7czoxOiJ4IjtzOjE2OiJRam5tMTFIQ3g0cnpPT0xNIjt9jWU5tj8AAAA
4184321164,"3-к. апартаменты, 74,1 м², 3/17 эт.",3-к. апартаменты,74,12 334 686 ₽,166 460 ₽,,Улица Дыбенко,21–30 мин.,,,1,2026-05-05T22:41:30,https://www.avito.ru/sankt-peterburg/kvartiry/3-k._apartamenty_741_m_317_et._4184321164?context=H4sIAAAAAAAA_wE_AMD_YToyOntzOjEzOiJsb2NhbFByaW9yaXR5IjtiOjA7czoxOiJ4IjtzOjE2OiJRam5tMTFIQ3g0cnpPT0xNIjt9jWU5tj8AAAA
7968336943,"2-к. квартира, 64,4 м², 8/17 эт.",2-к. квартира,64,7 394 551 ₽,114 822 ₽,,Рыбацкое,от 31 мин.,,,1,2026-05-05T22:41:30,https://www.avito.ru/sankt-peterburg/kvartiry/2-k._kvartira_644_m_817_et._7968336943?context=H4sIAAAAAAAA_wE_AMD_YToyOntzOjEzOiJsb2NhbFByaW9yaXR5IjtiOjA7czoxOiJ4IjtzOjE2OiJRam5tMTFIQ3g0cnpPT0xNIjt9jWU5tj8AAAA
7968143913,"3-к. квартира, 73,3 м², 3/11 эт.",3-к. квартира,73,7 046 979 ₽,96 139 ₽,,,,,,1,2026-05-05T22:41:30,https://www.avito.ru/sankt-peterburg_krasnoye_selo/kvartiry/3-k._kvartira_733_m_311_et._7968143913?context=H4sIAAAAAAAA_wE_AMD_YToyOntzOjEzOiJsb2NhbFByaW9yaXR5IjtiOjA7czoxOiJ4IjtzOjE2OiJRam5tMTFIQ3g0cnpPT0xNIjt9jWU5tj8AAAA
7534690077,"Квартира-студия, 20,4 м², 19/25 эт.",Квартира-студия,20,3 818 880 ₽,187 200 ₽,,,,,,1,2026-05-05T22:41:30,https://www.avito.ru/sankt-peterburg/kvartiry/kvartira-studiya_204_m_1925_et._7534690077?context=H4sIAAAAAAAA_wGIAHf_YTo0OntzOjEzOiJsb2NhbFByaW9yaXR5IjtiOjA7czozOiJzcmMiO3M6MTk6Iml0ZW1zQ2Fyb3VzZWxXaWRnZXQiO3M6MTE6IndpZGdldFRpdGxlIjtOO3M6MToieCI7czozMToiczFla21tMHRkMGh0azNteGZra3J2MDNxNHRoaDRtNSI7fRTEg8OIAAAA
8099363479,"2-к. квартира, 57,5 м², 7/22 эт.",2-к. квартира,57,24 950 000 ₽,433 913 ₽,,,,,,1,2026-05-05T22:41:30,https://www.avito.ru/sankt-peterburg/kvartiry/2-k._kvartira_575_m_722_et._8099363479?context=H4sIAAAAAAAA_wGIAHf_YTo0OntzOjEzOiJsb2NhbFByaW9yaXR5IjtiOjA7czozOiJzcmMiO3M6MTk6Iml0ZW1zQ2Fyb3VzZWxXaWRnZXQiO3M6MTE6IndpZGdldFRpdGxlIjtOO3M6MToieCI7czozMToiczFla21tMHRkMGh0azNteGZra3J2MDNxNHRoaDRtNSI7fRTEg8OIAAAA
8060012649,"Квартира-студия, 24,9 м², 5/5 эт.",Квартира-студия,24,6 000 000 ₽,240 964 ₽,,,,,,1,2026-05-05T22:41:30,https://www.avito.ru/sankt-peterburg/kvartiry/kvartira-studiya_249_m_55_et._8060012649?context=H4sIAAAAAAAA_wGIAHf_YTo0OntzOjEzOiJsb2NhbFByaW9yaXR5IjtiOjA7czozOiJzcmMiO3M6MTk6Iml0ZW1zQ2Fyb3VzZWxXaWRnZXQiO3M6MTE6IndpZGdldFRpdGxlIjtOO3M6MToieCI7czozMToiczFla21tMHRkMGh0azNteGZra3J2MDNxNHRoaDRtNSI7fRTEg8OIAAAA
8173066253,"2-к. квартира, 79,2 м², 4/23 эт.",2-к. квартира,79,22 900 000 ₽,289 141 ₽,,,,,,1,2026-05-05T22:41:30,https://www.avito.ru/sankt-peterburg/kvartiry/2-k._kvartira_792_m_423_et._8173066253?context=H4sIAAAAAAAA_wGIAHf_YTo0OntzOjEzOiJsb2NhbFByaW9yaXR5IjtiOjA7czozOiJzcmMiO3M6MTk6Iml0ZW1zQ2Fyb3VzZWxXaWRnZXQiO3M6MTE6IndpZGdldFRpdGxlIjtOO3M6MToieCI7czozMToiczFla21tMHRkMGh0azNteGZra3J2MDNxNHRoaDRtNSI7fRTEg8OIAAAA
7962662043,"1-к. апартаменты, 35,5 м², 6/8 эт.",1-к. апартаменты,35,18 900 000 ₽,532 394 ₽,,,,,,1,2026-05-05T22:41:30,https://www.avito.ru/sankt-peterburg/kvartiry/1-k._apartamenty_355_m_68_et._7962662043?context=H4sIAAAAAAAA_wGIAHf_YTo0OntzOjEzOiJsb2NhbFByaW9yaXR5IjtiOjA7czozOiJzcmMiO3M6MTk6Iml0ZW1zQ2Fyb3VzZWxXaWRnZXQiO3M6MTE6IndpZGdldFRpdGxlIjtOO3M6MToieCI7czozMToiczFla21tMHRkMGh0azNteGZra3J2MDNxNHRoaDRtNSI7fRTEg8OIAAAA
7973626882,"1-к. квартира, 39,9 м², 2/12 эт.",1-к. квартира,39,6 400 000 ₽,160 401 ₽,,,,,,1,2026-05-05T22:41:30,https://www.avito.ru/sankt-peterburg/kvartiry/1-k._kvartira_399_m_212_et._7973626882?context=H4sIAAAAAAAA_wGIAHf_YTo0OntzOjEzOiJsb2NhbFByaW9yaXR5IjtiOjA7czozOiJzcmMiO3M6MTk6Iml0ZW1zQ2Fyb3VzZWxXaWRnZXQiO3M6MTE6IndpZGdldFRpdGxlIjtOO3M6MToieCI7czozMToiczFla21tMHRkMGh0azNteGZra3J2MDNxNHRoaDRtNSI7fRTEg8OIAAAA
8027570080,"Апартаменты-студия, 23 м², 3/24 эт.",Апартаменты-студия,23,4 760 000 ₽,206 957 ₽,,,,,,1,2026-05-05T22:41:30,https://www.avito.ru/sankt-peterburg/kvartiry/apartamenty-studiya_23_m_324_et._8027570080?context=H4sIAAAAAAAA_wGIAHf_YTo0OntzOjEzOiJsb2NhbFByaW9yaXR5IjtiOjA7czozOiJzcmMiO3M6MTk6Iml0ZW1zQ2Fyb3VzZWxXaWRnZXQiO3M6MTE6IndpZGdldFRpdGxlIjtOO3M6MToieCI7czozMToiczFla21tMHRkMGh0azNteGZra3J2MDNxNHRoaDRtNSI7fRTEg8OIAAAA
7800874097,"1-к. квартира, 33,7 м², 4/15 эт.",1-к. квартира,33,10 300 000 ₽,305 638 ₽,,,,,,1,2026-05-05T22:41:30,https://www.avito.ru/sankt-peterburg/kvartiry/1-k._kvartira_337_m_415_et._7800874097?context=H4sIAAAAAAAA_wGIAHf_YTo0OntzOjEzOiJsb2NhbFByaW9yaXR5IjtiOjA7czozOiJzcmMiO3M6MTk6Iml0ZW1zQ2Fyb3VzZWxXaWRnZXQiO3M6MTE6IndpZGdldFRpdGxlIjtOO3M6MToieCI7czozMToiczFla21tMHRkMGh0azNteGZra3J2MDNxNHRoaDRtNSI7fRTEg8OIAAAA
8129434200,"Апартаменты-студия, 34,7 м², 6/19 эт.",Апартаменты-студия,34,12 322 050 ₽,355 102 ₽,,,,,,1,2026-05-05T22:41:30,https://www.avito.ru/sankt-peterburg/kvartiry/apartamenty-studiya_347_m_619_et._8129434200?context=H4sIAAAAAAAA_wGIAHf_YTo0OntzOjEzOiJsb2NhbFByaW9yaXR5IjtiOjA7czozOiJzcmMiO3M6MTk6Iml0ZW1zQ2Fyb3VzZWxXaWRnZXQiO3M6MTE6IndpZGdldFRpdGxlIjtOO3M6MToieCI7czozMToiczFla21tMHRkMGh0azNteGZra3J2MDNxNHRoaDRtNSI7fRTEg8OIAAAA
8025388709,"Квартира-студия, 19,8 м², 11/13 эт.",Квартира-студия,19,3 999 888 ₽,202 015 ₽,,,,,,1,2026-05-05T22:41:30,https://www.avito.ru/sankt-peterburg/kvartiry/kvartira-studiya_198_m_1113_et._8025388709?context=H4sIAAAAAAAA_wGIAHf_YTo0OntzOjEzOiJsb2NhbFByaW9yaXR5IjtiOjA7czozOiJzcmMiO3M6MTk6Iml0ZW1zQ2Fyb3VzZWxXaWRnZXQiO3M6MTE6IndpZGdldFRpdGxlIjtOO3M6MToieCI7czozMToiczFla21tMHRkMGh0azNteGZra3J2MDNxNHRoaDRtNSI7fRTEg8OIAAAA
7968755050,"2-к. квартира, 58,4 м², 2/18 эт.",2-к. квартира,58,6 919 533 ₽,118 485 ₽,,Рыбацкое,от 31 мин.,,,1,2026-05-05T22:41:30,https://www.avito.ru/sankt-peterburg/kvartiry/2-k._kvartira_584_m_218_et._7968755050?context=H4sIAAAAAAAA_wE_AMD_YToyOntzOjEzOiJsb2NhbFByaW9yaXR5IjtiOjA7czoxOiJ4IjtzOjE2OiJRam5tMTFIQ3g0cnpPT0xNIjt9jWU5tj8AAAA
7968436847,"1-к. квартира, 34,2 м², 13/17 эт.",1-к. квартира,34,4 207 033 ₽,123 013 ₽,,Рыбацкое,от 31 мин.,,,1,2026-05-05T22:41:30,https://www.avito.ru/sankt-peterburg/kvartiry/1-k._kvartira_342_m_1317_et._7968436847?context=H4sIAAAAAAAA_wE_AMD_YToyOntzOjEzOiJsb2NhbFByaW9yaXR5IjtiOjA7czoxOiJ4IjtzOjE2OiJRam5tMTFIQ3g0cnpPT0xNIjt9jWU5tj8AAAA
7994575177,"2-к. квартира, 51,8 м², 3/9 эт.",2-к. квартира,51,9 080 000 ₽,175 290 ₽,,,,,,1,2026-05-05T22:41:30,https://www.avito.ru/sankt-peterburg/kvartiry/2-k._kvartira_518_m_39_et._7994575177?context=H4sIAAAAAAAA_wE_AMD_YToyOntzOjEzOiJsb2NhbFByaW9yaXR5IjtiOjA7czoxOiJ4IjtzOjE2OiJRam5tMTFIQ3g0cnpPT0xNIjt9jWU5tj8AAAA
7920063152,"2-к. квартира, 60,5 м², 5/9 эт.",2-к. квартира,60,8 971 406 ₽,148 288 ₽,,,,,,1,2026-05-05T22:41:30,https://www.avito.ru/sankt-peterburg/kvartiry/2-k._kvartira_605_m_59_et._7920063152?context=H4sIAAAAAAAA_wE_AMD_YToyOntzOjEzOiJsb2NhbFByaW9yaXR5IjtiOjA7czoxOiJ4IjtzOjE2OiJRam5tMTFIQ3g0cnpPT0xNIjt9jWU5tj8AAAA
8105325467,"1-к. квартира, 36,9 м², 12/22 эт.",1-к. квартира,36,6 266 200 ₽,169 816 ₽,,Рыбацкое,от 31 мин.,,,1,2026-05-05T22:41:30,https://www.avito.ru/sankt-peterburg/kvartiry/1-k._kvartira_369_m_1222_et._8105325467?context=H4sIAAAAAAAA_wE_AMD_YToyOntzOjEzOiJsb2NhbFByaW9yaXR5IjtiOjA7czoxOiJ4IjtzOjE2OiJRam5tMTFIQ3g0cnpPT0xNIjt9jWU5tj8AAAA
8151674653,"Квартира-студия, 24,3 м², 13/25 эт.",Квартира-студия,24,7 850 000 ₽,323 045 ₽,"Кондратьевский пр-т, 68к4",Площадь Мужества,от 31 мин.,1 час назад,05.05.2026,1,2026-05-05T22:41:30,https://www.avito.ru/sankt-peterburg/kvartiry/kvartira-studiya_243_m_1325_et._8151674653?context=H4sIAAAAAAAA_wE_AMD_YToyOntzOjEzOiJsb2NhbFByaW9yaXR5IjtiOjA7czoxOiJ4IjtzOjE2OiJRam5tMTFIQ3g0cnpPT0xNIjt9jWU5tj8AAAA
7952386463,"1-к. квартира, 61,5 м², 21/25 эт.",1-к. квартира,61,13 805 857 ₽,224 485 ₽,"ул. Руднева, д. 18",Проспект Просвещения,21–30 мин.,,,1,2026-05-05T22:41:30,https://www.avito.ru/sankt-peterburg/kvartiry/1-k._kvartira_615_m_2125_et._7952386463?context=H4sIAAAAAAAA_wE_AMD_YToyOntzOjEzOiJsb2NhbFByaW9yaXR5IjtiOjA7czoxOiJ4IjtzOjE2OiJRam5tMTFIQ3g0cnpPT0xNIjt9jWU5tj8AAAA
8061634818,"Квартира-студия, 25,5 м², 13/16 эт.",Квартира-студия,25,8 760 000 ₽,343 529 ₽,"Комендантский пр-т, 60к3",Комендантский проспект,от 31 мин.,Вчера,04.05.2026,1,2026-05-05T22:41:30,https://www.avito.ru/sankt-peterburg/kvartiry/kvartira-studiya_255_m_1316_et._8061634818?context=H4sIAAAAAAAA_wE_AMD_YToyOntzOjEzOiJsb2NhbFByaW9yaXR5IjtiOjA7czoxOiJ4IjtzOjE2OiJRam5tMTFIQ3g0cnpPT0xNIjt9jWU5tj8AAAA
4183993961,"3-к. апартаменты, 74,3 м², 2/17 эт.",3-к. апартаменты,74,12 003 908 ₽,161 560 ₽,,Улица Дыбенко,21–30 мин.,,,1,2026-05-05T22:41:30,https://www.avito.ru/sankt-peterburg/kvartiry/3-k._apartamenty_743_m_217_et._4183993961?context=H4sIAAAAAAAA_wE_AMD_YToyOntzOjEzOiJsb2NhbFByaW9yaXR5IjtiOjA7czoxOiJ4IjtzOjE2OiJRam5tMTFIQ3g0cnpPT0xNIjt9jWU5tj8AAAA
8098685157,"Квартира-студия, 22 м², 2/6 эт.",Квартира-студия,22,3 980 000 ₽,180 909 ₽,"ул. Академика Лебедева, 14/2",Площадь Ленина,6–10 мин.,3 дня назад,02.05.2026,1,2026-05-05T22:41:30,https://www.avito.ru/sankt-peterburg/kvartiry/kvartira-studiya_22_m_26_et._8098685157?context=H4sIAAAAAAAA_wE_AMD_YToyOntzOjEzOiJsb2NhbFByaW9yaXR5IjtiOjA7czoxOiJ4IjtzOjE2OiJRam5tMTFIQ3g0cnpPT0xNIjt9jWU5tj8AAAA
7892059843,"2-к. квартира, 59,2 м², 3/12 эт.",2-к. квартира,59,20 200 389 ₽,341 223 ₽,,Елизаровская,от 31 мин.,,,1,2026-05-05T22:41:30,https://www.avito.ru/sankt-peterburg/kvartiry/2-k._kvartira_592_m_312_et._7892059843?context=H4sIAAAAAAAA_wE_AMD_YToyOntzOjEzOiJsb2NhbFByaW9yaXR5IjtiOjA7czoxOiJ4IjtzOjE2OiJRam5tMTFIQ3g0cnpPT0xNIjt9jWU5tj8AAAA
7968758352,"1-к. квартира, 33,3 м², 4/11 эт.",1-к. квартира,33,3 785 269 ₽,113 672 ₽,,,,,,1,2026-05-05T22:41:30,https://www.avito.ru/sankt-peterburg_krasnoye_selo/kvartiry/1-k._kvartira_333_m_411_et._7968758352?context=H4sIAAAAAAAA_wE_AMD_YToyOntzOjEzOiJsb2NhbFByaW9yaXR5IjtiOjA7czoxOiJ4IjtzOjE2OiJRam5tMTFIQ3g0cnpPT0xNIjt9jWU5tj8AAAA
8172907629,"1-к. квартира, 31,1 м², 3/5 эт.",1-к. квартира,31,6 500 000 ₽,209 003 ₽,"ул. Верности, 20",Академическая,16–20 мин.,5 часов назад,05.05.2026,1,2026-05-05T22:41:30,https://www.avito.ru/sankt-peterburg/kvartiry/1-k._kvartira_311_m_35_et._8172907629?context=H4sIAAAAAAAA_wE_AMD_YToyOntzOjEzOiJsb2NhbFByaW9yaXR5IjtiOjA7czoxOiJ4IjtzOjE2OiJRam5tMTFIQ3g0cnpPT0xNIjt9jWU5tj8AAAA
7246816972,"3-к. квартира, 72,2 м², 22/22 эт.",3-к. квартира,72,21 898 260 ₽,303 300 ₽,"пр-т Товарищеский, д. 38",Улица Дыбенко,16–20 мин.,,,1,2026-05-05T22:41:30,https://www.avito.ru/sankt-peterburg/kvartiry/3-k._kvartira_722_m_2222_et._7246816972?context=H4sIAAAAAAAA_wE_AMD_YToyOntzOjEzOiJsb2NhbFByaW9yaXR5IjtiOjA7czoxOiJ4IjtzOjE2OiJRam5tMTFIQ3g0cnpPT0xNIjt9jWU5tj8AAAA
7892765343,"3-к. квартира, 88,9 м², 1/12 эт.",3-к. квартира,88,24 000 200 ₽,269 969 ₽,,Комендантский проспект,от 31 мин.,,,1,2026-05-05T22:41:30,https://www.avito.ru/sankt-peterburg/kvartiry/3-k._kvartira_889_m_112_et._7892765343?context=H4sIAAAAAAAA_wE_AMD_YToyOntzOjEzOiJsb2NhbFByaW9yaXR5IjtiOjA7czoxOiJ4IjtzOjE2OiJRam5tMTFIQ3g0cnpPT0xNIjt9jWU5tj8AAAA
7968764073,"Квартира-студия, 25,5 м², 8/11 эт.",Квартира-студия,25,3 789 399 ₽,148 604 ₽,,,,,,1,2026-05-05T22:41:30,https://www.avito.ru/sankt-peterburg_kolpino/kvartiry/kvartira-studiya_255_m_811_et._7968764073?context=H4sIAAAAAAAA_wE_AMD_YToyOntzOjEzOiJsb2NhbFByaW9yaXR5IjtiOjA7czoxOiJ4IjtzOjE2OiJRam5tMTFIQ3g0cnpPT0xNIjt9jWU5tj8AAAA
8151044818,"2-к. квартира, 44,6 м², 2/5 эт.",2-к. квартира,44,6 700 000 ₽,150 224 ₽,"Пискарёвский пр-т, 17к3",Ладожская,от 31 мин.,7 часов назад,05.05.2026,1,2026-05-05T22:41:30,https://www.avito.ru/sankt-peterburg/kvartiry/2-k._kvartira_446_m_25_et._8151044818?context=H4sIAAAAAAAA_wE_AMD_YToyOntzOjEzOiJsb2NhbFByaW9yaXR5IjtiOjA7czoxOiJ4IjtzOjE2OiJRam5tMTFIQ3g0cnpPT0xNIjt9jWU5tj8AAAA
7696785530,"1-к. квартира, 33,5 м², 10/12 эт.",1-к. квартира,33,6 284 938 ₽,187 610 ₽,,,,,,1,2026-05-05T22:41:30,https://www.avito.ru/sankt-peterburg/kvartiry/1-k._kvartira_335_m_1012_et._7696785530?context=H4sIAAAAAAAA_wE_AMD_YToyOntzOjEzOiJsb2NhbFByaW9yaXR5IjtiOjA7czoxOiJ4IjtzOjE2OiJRam5tMTFIQ3g0cnpPT0xNIjt9jWU5tj8AAAA
8065271599,"3-к. квартира, 75,2 м², 2/12 эт.",3-к. квартира,75,13 416 185 ₽,178 407 ₽,,Звёздная,от 31 мин.,,,1,2026-05-05T22:41:30,https://www.avito.ru/sankt-peterburg/kvartiry/3-k._kvartira_752_m_212_et._8065271599?context=H4sIAAAAAAAA_wE_AMD_YToyOntzOjEzOiJsb2NhbFByaW9yaXR5IjtiOjA7czoxOiJ4IjtzOjE2OiJRam5tMTFIQ3g0cnpPT0xNIjt9jWU5tj8AAAA
7993396102,"Квартира-студия, 24,7 м², 2/4 эт.",Квартира-студия,24,5 700 000 ₽,230 769 ₽,,,,,,1,2026-05-05T22:41:30,https://www.avito.ru/sankt-peterburg/kvartiry/kvartira-studiya_247_m_24_et._7993396102?context=H4sIAAAAAAAA_wE_AMD_YToyOntzOjEzOiJsb2NhbFByaW9yaXR5IjtiOjA7czoxOiJ4IjtzOjE2OiJRam5tMTFIQ3g0cnpPT0xNIjt9jWU5tj8AAAA
7662362617,"1-к. квартира, 31,9 м², 2/22 эт.",1-к. квартира,31,6 640 623 ₽,208 170 ₽,,Академическая,от 31 мин.,,,1,2026-05-05T22:41:30,https://www.avito.ru/sankt-peterburg/kvartiry/1-k._kvartira_319_m_222_et._7662362617?context=H4sIAAAAAAAA_wE_AMD_YToyOntzOjEzOiJsb2NhbFByaW9yaXR5IjtiOjA7czoxOiJ4IjtzOjE2OiJRam5tMTFIQ3g0cnpPT0xNIjt9jWU5tj8AAAA
7897458693,"Апартаменты-студия, 38 м², 6/6 эт.",Апартаменты-студия,38,5 490 000 ₽,144 474 ₽,"ул. Отважных, 10",Проспект Ветеранов,от 31 мин.,22 января 15:57,22.01.2026,1,2026-05-05T22:41:30,https://www.avito.ru/sankt-peterburg/kvartiry/apartamenty-studiya_38_m_66_et._7897458693?context=H4sIAAAAAAAA_wE_AMD_YToyOntzOjEzOiJsb2NhbFByaW9yaXR5IjtiOjA7czoxOiJ4IjtzOjE2OiJRam5tMTFIQ3g0cnpPT0xNIjt9jWU5tj8AAAA
8088986621,"Квартира-студия, 24,7 м², 4/6 эт.",Квартира-студия,24,4 990 000 ₽,202 024 ₽,"пер. Ульяны Громовой, 1/13",Площадь Восстания,до 5 мин.,7 дней назад,28.04.2026,1,2026-05-05T22:41:30,https://www.avito.ru/sankt-peterburg/kvartiry/kvartira-studiya_247_m_46_et._8088986621?context=H4sIAAAAAAAA_wE_AMD_YToyOntzOjEzOiJsb2NhbFByaW9yaXR5IjtiOjA7czoxOiJ4IjtzOjE2OiJRam5tMTFIQ3g0cnpPT0xNIjt9jWU5tj8AAAA
7968587291,"2-к. квартира, 64,4 м², 6/17 эт.",2-к. квартира,64,7 511 616 ₽,116 640 ₽,,Рыбацкое,от 31 мин.,,,1,2026-05-05T22:41:30,https://www.avito.ru/sankt-peterburg/kvartiry/2-k._kvartira_644_m_617_et._7968587291?context=H4sIAAAAAAAA_wE_AMD_YToyOntzOjEzOiJsb2NhbFByaW9yaXR5IjtiOjA7czoxOiJ4IjtzOjE2OiJRam5tMTFIQ3g0cnpPT0xNIjt9jWU5tj8AAAA
8150608895,"1-к. квартира, 31,2 м², 5/5 эт.",1-к. квартира,31,6 580 000 ₽,210 897 ₽,"пр-т Шаумяна, 46",Новочеркасская,6–10 мин.,2 часа назад,05.05.2026,1,2026-05-05T22:41:30,https://www.avito.ru/sankt-peterburg/kvartiry/1-k._kvartira_312_m_55_et._8150608895?context=H4sIAAAAAAAA_wE_AMD_YToyOntzOjEzOiJsb2NhbFByaW9yaXR5IjtiOjA7czoxOiJ4IjtzOjE2OiJRam5tMTFIQ3g0cnpPT0xNIjt9jWU5tj8AAAA
7950011734,"1-к. квартира, 37,7 м², 23/25 эт.",1-к. квартира,37,9 693 801 ₽,257 130 ₽,,Ломоносовская,от 31 мин.,,,1,2026-05-05T22:41:30,https://www.avito.ru/sankt-peterburg/kvartiry/1-k._kvartira_377_m_2325_et._7950011734?context=H4sIAAAAAAAA_wE_AMD_YToyOntzOjEzOiJsb2NhbFByaW9yaXR5IjtiOjA7czoxOiJ4IjtzOjE2OiJRam5tMTFIQ3g0cnpPT0xNIjt9jWU5tj8AAAA
7980813965,"1-к. квартира, 35,6 м², 5/9 эт.",1-к. квартира,35,6 949 999 ₽,195 225 ₽,,,,,,1,2026-05-05T22:41:30,https://www.avito.ru/sankt-peterburg/kvartiry/1-k._kvartira_356_m_59_et._7980813965?context=H4sIAAAAAAAA_wE_AMD_YToyOntzOjEzOiJsb2NhbFByaW9yaXR5IjtiOjA7czoxOiJ4IjtzOjE2OiJRam5tMTFIQ3g0cnpPT0xNIjt9jWU5tj8AAAA
8020594800,"Квартира-студия, 22,5 м², 20/22 эт.",Квартира-студия,22,4 550 149 ₽,202 229 ₽,,Рыбацкое,от 31 мин.,,,1,2026-05-05T22:41:30,https://www.avito.ru/sankt-peterburg/kvartiry/kvartira-studiya_225_m_2022_et._8020594800?context=H4sIAAAAAAAA_wE_AMD_YToyOntzOjEzOiJsb2NhbFByaW9yaXR5IjtiOjA7czoxOiJ4IjtzOjE2OiJRam5tMTFIQ3g0cnpPT0xNIjt9jWU5tj8AAAA
7572703918,"1-к. квартира, 33,2 м², 4/12 эт.",1-к. квартира,33,9 500 044 ₽,286 146 ₽,,Озерки,от 31 мин.,,,1,2026-05-05T22:41:30,https://www.avito.ru/sankt-peterburg/kvartiry/1-k._kvartira_332_m_412_et._7572703918?context=H4sIAAAAAAAA_wE_AMD_YToyOntzOjEzOiJsb2NhbFByaW9yaXR5IjtiOjA7czoxOiJ4IjtzOjE2OiJRam5tMTFIQ3g0cnpPT0xNIjt9jWU5tj8AAAA
7968115741,"2-к. квартира, 63,6 м², 4/18 эт.",2-к. квартира,63,7 541 584 ₽,118 578 ₽,,Рыбацкое,от 31 мин.,,,1,2026-05-05T22:41:30,https://www.avito.ru/sankt-peterburg/kvartiry/2-k._kvartira_636_m_418_et._7968115741?context=H4sIAAAAAAAA_wE_AMD_YToyOntzOjEzOiJsb2NhbFByaW9yaXR5IjtiOjA7czoxOiJ4IjtzOjE2OiJRam5tMTFIQ3g0cnpPT0xNIjt9jWU5tj8AAAA
7577144349,"Апартаменты-студия, 40,6 м², 6/6 эт.",Апартаменты-студия,40,4 926 000 ₽,121 330 ₽,"ул. Отважных, 10",Проспект Ветеранов,от 31 мин.,14 августа 2025,14.08.2026,1,2026-05-05T22:41:30,https://www.avito.ru/sankt-peterburg/kvartiry/apartamenty-studiya_406_m_66_et._7577144349?context=H4sIAAAAAAAA_wE_AMD_YToyOntzOjEzOiJsb2NhbFByaW9yaXR5IjtiOjA7czoxOiJ4IjtzOjE2OiJRam5tMTFIQ3g0cnpPT0xNIjt9jWU5tj8AAAA
7968707716,"2-к. квартира, 54,7 м², 11/12 эт.",2-к. квартира,54,7 907 614 ₽,144 563 ₽,,,,,,1,2026-05-05T22:41:30,https://www.avito.ru/sankt-peterburg/kvartiry/2-k._kvartira_547_m_1112_et._7968707716?context=H4sIAAAAAAAA_wE_AMD_YToyOntzOjEzOiJsb2NhbFByaW9yaXR5IjtiOjA7czoxOiJ4IjtzOjE2OiJRam5tMTFIQ3g0cnpPT0xNIjt9jWU5tj8AAAA
7622989069,"Квартира-студия, 23,8 м², 4/13 эт.",Квартира-студия,23,10 489 954 ₽,440 754 ₽,,Лесная,11–15 мин.,,,1,2026-05-05T22:41:30,https://www.avito.ru/sankt-peterburg/kvartiry/kvartira-studiya_238_m_413_et._7622989069?context=H4sIAAAAAAAA_wE_AMD_YToyOntzOjEzOiJsb2NhbFByaW9yaXR5IjtiOjA7czoxOiJ4IjtzOjE2OiJRam5tMTFIQ3g0cnpPT0xNIjt9jWU5tj8AAAA
8132968128,"Квартира-студия, 21,6 м², 1/12 эт.",Квартира-студия,21,10 596 960 ₽,490 600 ₽,,Приморская,21–30 мин.,,,1,2026-05-05T22:41:30,https://www.avito.ru/sankt-peterburg/kvartiry/kvartira-studiya_216_m_112_et._8132968128?context=H4sIAAAAAAAA_wE_AMD_YToyOntzOjEzOiJsb2NhbFByaW9yaXR5IjtiOjA7czoxOiJ4IjtzOjE2OiJRam5tMTFIQ3g0cnpPT0xNIjt9jWU5tj8AAAA
8063757641,"3-к. квартира, 106,6 м², 17/17 эт.",3-к. квартира,106,21 531 798 ₽,201 987 ₽,,Комендантский проспект,от 31 мин.,,,1,2026-05-05T22:41:30,https://www.avito.ru/sankt-peterburg/kvartiry/3-k._kvartira_1066_m_1717_et._8063757641?context=H4sIAAAAAAAA_wE_AMD_YToyOntzOjEzOiJsb2NhbFByaW9yaXR5IjtiOjA7czoxOiJ4IjtzOjE2OiJRam5tMTFIQ3g0cnpPT0xNIjt9jWU5tj8AAAA
7470875212,"1-к. квартира, 32,8 м², 6/22 эт.",1-к. квартира,32,6 166 728 ₽,188 010 ₽,,Гражданский проспект,от 31 мин.,,,1,2026-05-05T22:41:30,https://www.avito.ru/sankt-peterburg/kvartiry/1-k._kvartira_328_m_622_et._7470875212?context=H4sIAAAAAAAA_wE_AMD_YToyOntzOjEzOiJsb2NhbFByaW9yaXR5IjtiOjA7czoxOiJ4IjtzOjE2OiJRam5tMTFIQ3g0cnpPT0xNIjt9jWU5tj8AAAA
8057299796,"Апартаменты-студия, 23,4 м², 1/6 эт.",Апартаменты-студия,23,4 990 000 ₽,213 248 ₽,"Прилукская ул., 35",Обводный канал,11–15 мин.,3 недели назад,14.04.2026,1,2026-05-05T22:41:30,https://www.avito.ru/sankt-peterburg/kvartiry/apartamenty-studiya_234_m_16_et._8057299796?context=H4sIAAAAAAAA_wE_AMD_YToyOntzOjEzOiJsb2NhbFByaW9yaXR5IjtiOjA7czoxOiJ4IjtzOjE2OiJRam5tMTFIQ3g0cnpPT0xNIjt9jWU5tj8AAAA
8060342685,"2-к. квартира, 47 м², 5/5 эт.",2-к. квартира,47,7 000 000 ₽,148 936 ₽,"ул. Софьи Ковалевской, 10к4",Академическая,6–10 мин.,Вчера,04.05.2026,1,2026-05-05T22:41:30,https://www.avito.ru/sankt-peterburg/kvartiry/2-k._kvartira_47_m_55_et._8060342685?context=H4sIAAAAAAAA_wE_AMD_YToyOntzOjEzOiJsb2NhbFByaW9yaXR5IjtiOjA7czoxOiJ4IjtzOjE2OiJRam5tMTFIQ3g0cnpPT0xNIjt9jWU5tj8AAAA
3479404389,"1-к. квартира, 38,8 м², 4/14 эт.",1-к. квартира,38,16 890 000 ₽,435 309 ₽,,Волковская,16–20 мин.,,,1,2026-05-05T22:41:30,https://www.avito.ru/sankt-peterburg/kvartiry/1-k._kvartira_388_m_414_et._3479404389?context=H4sIAAAAAAAA_wE_AMD_YToyOntzOjEzOiJsb2NhbFByaW9yaXR5IjtiOjA7czoxOiJ4IjtzOjE2OiJRam5tMTFIQ3g0cnpPT0xNIjt9jWU5tj8AAAA
8075463854,"1-к. квартира, 35,4 м², 4/14 эт.",1-к. квартира,35,7 400 000 ₽,209 040 ₽,"ул. Седова, 58",Елизаровская,16–20 мин.,1 неделю назад,28.04.2026,1,2026-05-05T22:41:30,https://www.avito.ru/sankt-peterburg/kvartiry/1-k._kvartira_354_m_414_et._8075463854?context=H4sIAAAAAAAA_wE_AMD_YToyOntzOjEzOiJsb2NhbFByaW9yaXR5IjtiOjA7czoxOiJ4IjtzOjE2OiJRam5tMTFIQ3g0cnpPT0xNIjt9jWU5tj8AAAA
7246210203,"3-к. квартира, 73,4 м², 13/22 эт.",3-к. квартира,73,22 407 552 ₽,305 280 ₽,"пр-т Товарищеский, д. 38",Улица Дыбенко,16–20 мин.,,,1,2026-05-05T22:41:30,https://www.avito.ru/sankt-peterburg/kvartiry/3-k._kvartira_734_m_1322_et._7246210203?context=H4sIAAAAAAAA_wE_AMD_YToyOntzOjEzOiJsb2NhbFByaW9yaXR5IjtiOjA7czoxOiJ4IjtzOjE2OiJRam5tMTFIQ3g0cnpPT0xNIjt9jWU5tj8AAAA
7902202703,"Апартаменты-студия, 17,7 м², 9/16 эт.",Апартаменты-студия,17,5 600 000 ₽,316 384 ₽,,Звёздная,6–10 мин.,,,1,2026-05-05T22:41:30,https://www.avito.ru/sankt-peterburg/kvartiry/apartamenty-studiya_177_m_916_et._7902202703?context=H4sIAAAAAAAA_wE_AMD_YToyOntzOjEzOiJsb2NhbFByaW9yaXR5IjtiOjA7czoxOiJ4IjtzOjE2OiJRam5tMTFIQ3g0cnpPT0xNIjt9jWU5tj8AAAA
